id,first_name,last_name,email,country,ip_address
1,Martha,Jenkins,mjenkins0@un.org,France,97.252.235.143
2,Kathleen,Medina,kmedina1@unc.edu,Czech Republic,149.62.63.167
3,Earl,Murray,emurray2@va.gov,Poland,242.239.132.230
4,Teresa,Fox,tfox3@webnode.com,Russia,136.0.65.186
5,Carolyn,West,cwest4@admin.ch,Nigeria,240.149.227.109
6,Marie,Lawson,mlawson5@youtube.com,China,238.101.184.197
7,Eugene,Stone,estone6@nature.com,Colombia,55.107.194.185
8,Nicholas,Oliver,noliver7@slate.com,China,159.45.204.128
9,Carol,Flores,cflores8@reddit.com,Russia,62.117.22.131
10,Nicole,James,njames9@imageshack.us,United States,147.13.140.165
11,Gary,Murphy,gmurphya@dailymail.co.uk,Portugal,51.53.42.210
12,Jonathan,Stephens,jstephensb@angelfire.com,Sweden,209.33.35.62
13,Anthony,Elliott,aelliottc@psu.edu,Colombia,27.186.118.148
14,Todd,West,twestd@ifeng.com,Indonesia,56.181.227.119
15,Brandon,Fields,bfieldse@google.com.br,China,14.72.89.67
16,Jennifer,Sullivan,jsullivanf@live.com,Egypt,153.57.254.49
17,Diane,Sims,dsimsg@nytimes.com,China,48.226.245.111
18,William,Jackson,wjacksonh@shinystat.com,Macedonia,52.113.45.192
19,Christopher,Little,clittlei@163.com,Indonesia,210.204.226.20
20,Rebecca,Hudson,rhudsonj@goo.ne.jp,Japan,177.144.146.88
21,Carol,Henderson,chendersonk@homestead.com,China,83.177.157.141
22,Walter,Barnes,wbarnesl@hibu.com,Sweden,22.246.183.119
23,Phillip,Rodriguez,prodriguezm@over-blog.com,Paraguay,125.171.249.85
24,Benjamin,Duncan,bduncann@state.gov,Philippines,15.254.166.186
25,Cheryl,Jackson,cjacksono@wp.com,China,127.225.15.214
26,Dennis,Warren,dwarrenp@yahoo.co.jp,Canada,153.31.84.119
27,Lillian,Pierce,lpierceq@storify.com,Portugal,189.223.235.2
28,Heather,Evans,hevansr@mit.edu,China,53.8.251.213
29,Lawrence,Dixon,ldixons@youku.com,Brazil,197.62.211.10
30,Heather,Ruiz,hruizt@free.fr,Japan,218.150.32.122
31,Cheryl,Rose,croseu@edublogs.org,Indonesia,23.8.100.251
32,Joan,Mendoza,jmendozav@ibm.com,China,207.156.169.16
33,Stephen,Mills,smillsw@ebay.com,Nigeria,158.207.253.54
34,Fred,Weaver,fweaverx@irs.gov,China,255.252.2.8
35,Laura,Walker,lwalkery@dyndns.org,Ivory Coast,1.38.233.97
36,Janet,Carr,jcarrz@people.com.cn,Belarus,87.2.137.196
37,Matthew,Thomas,mthomas10@apache.org,China,87.239.205.41
38,Karen,Fuller,kfuller11@biglobe.ne.jp,Philippines,41.68.238.121
39,Virginia,Day,vday12@google.com.br,Slovenia,55.13.68.132
40,Kenneth,Parker,kparker13@devhub.com,Russia,253.55.38.245
41,Chris,Day,cday14@stumbleupon.com,Guadeloupe,240.228.77.72
42,Theresa,Anderson,tanderson15@seattletimes.com,China,97.223.21.68
43,Daniel,Jacobs,djacobs16@mozilla.com,Indonesia,114.96.8.128
44,Henry,Long,hlong17@sohu.com,Greece,45.215.93.102
45,Karen,Fields,kfields18@pinterest.com,Botswana,83.216.152.226
46,Annie,Young,ayoung19@sphinn.com,France,85.39.109.220
47,Jennifer,Sanders,jsanders1a@pinterest.com,China,176.179.109.6
48,Tina,Richards,trichards1b@artisteer.com,Indonesia,240.135.242.231
49,Russell,Ellis,rellis1c@earthlink.net,Morocco,8.44.24.43
50,Dorothy,Patterson,dpatterson1d@google.it,Vietnam,187.113.101.114
51,Brian,Ray,bray1e@wp.com,Japan,25.220.166.185
52,Eric,Bryant,ebryant1f@adobe.com,Philippines,99.40.148.116
53,Roger,Sanchez,rsanchez1g@edublogs.org,Russia,210.3.224.158
54,Lori,Austin,laustin1h@elpais.com,Nigeria,83.195.145.206
55,Barbara,Washington,bwashington1i@digg.com,China,241.239.248.7
56,Thomas,Green,tgreen1j@etsy.com,Philippines,206.171.156.162
57,Evelyn,Jackson,ejackson1k@technorati.com,Sweden,93.53.27.253
58,Catherine,Harvey,charvey1l@un.org,China,75.71.219.250
59,Debra,Wilson,dwilson1m@hp.com,Marshall Islands,104.136.254.17
60,Gregory,Garcia,ggarcia1n@unblog.fr,Portugal,82.150.14.212
61,Irene,Turner,iturner1o@mit.edu,Russia,72.160.29.127
62,Donna,Palmer,dpalmer1p@newsvine.com,China,30.245.87.42
63,Carolyn,Dunn,cdunn1q@nhs.uk,Czech Republic,155.176.201.243
64,Alan,Austin,aaustin1r@dailymail.co.uk,Peru,59.120.155.55
65,Frances,Owens,fowens1s@jimdo.com,Brazil,53.170.214.36
66,Pamela,Moore,pmoore1t@odnoklassniki.ru,Russia,99.236.60.25
67,Albert,West,awest1u@tripadvisor.com,Philippines,230.139.203.73
68,Bonnie,Mitchell,bmitchell1v@netscape.com,Indonesia,54.165.176.179
69,Eric,Williams,ewilliams1w@ebay.co.uk,Canada,116.87.204.114
70,Phillip,Powell,ppowell1x@ihg.com,China,213.4.123.36
71,Diane,Hudson,dhudson1y@usa.gov,Croatia,236.203.207.43
72,Charles,Evans,cevans1z@barnesandnoble.com,Canada,245.247.213.5
73,Andrea,Anderson,aanderson20@gizmodo.com,Brazil,97.118.157.115
74,Ashley,Green,agreen21@booking.com,China,161.180.162.159
75,Jesse,Thompson,jthompson22@mapy.cz,Indonesia,208.163.16.46
76,Lawrence,Warren,lwarren23@foxnews.com,Mali,138.47.106.220
77,Juan,Lewis,jlewis24@csmonitor.com,Brazil,55.30.25.254
78,Steven,Hudson,shudson25@nba.com,China,75.120.128.249
79,Antonio,Day,aday26@omniture.com,China,108.142.133.98
80,Michelle,Walker,mwalker27@opensource.org,United States,103.189.76.180
81,Victor,Lopez,vlopez28@bandcamp.com,Paraguay,72.72.45.71
82,Paula,Fuller,pfuller29@msn.com,Philippines,130.1.53.207
83,Lori,Griffin,lgriffin2a@marketwatch.com,Sweden,217.241.64.240
84,Cynthia,Gardner,cgardner2b@sitemeter.com,Pakistan,163.93.171.48
85,Thomas,Matthews,tmatthews2c@hubpages.com,Colombia,172.24.45.162
86,Adam,Powell,apowell2d@xing.com,Botswana,87.196.53.169
87,Marilyn,Evans,mevans2e@yellowbook.com,Canada,238.112.153.1
88,Samuel,Parker,sparker2f@discuz.net,China,18.212.48.12
89,Kelly,Mendoza,kmendoza2g@umn.edu,Brazil,115.238.121.145
90,Ryan,Flores,rflores2h@bluehost.com,Indonesia,223.174.148.129
91,Angela,George,ageorge2i@columbia.edu,U.S. Virgin Islands,113.154.7.134
92,Lillian,Morris,lmorris2j@cyberchimps.com,Dominican Republic,224.68.103.4
93,Willie,Harrison,wharrison2k@oakley.com,Nigeria,59.75.8.206
94,Sharon,Boyd,sboyd2l@github.io,Honduras,161.22.142.125
95,Barbara,Wallace,bwallace2m@php.net,China,149.232.81.225
96,Donna,Murphy,dmurphy2n@studiopress.com,Ukraine,17.248.165.20
97,Carl,Gilbert,cgilbert2o@adobe.com,Thailand,127.217.160.149
98,Jean,Wells,jwells2p@eepurl.com,Finland,230.235.200.68
99,Jeremy,Reid,jreid2q@gmpg.org,Czech Republic,20.220.95.102
100,Carol,Knight,cknight2r@oakley.com,China,241.88.169.101
101,Anthony,Hicks,ahicks2s@usda.gov,China,80.155.105.159
102,Wayne,Miller,wmiller2t@facebook.com,Indonesia,184.155.50.3
103,Stephen,Johnson,sjohnson2u@nationalgeographic.com,Philippines,213.60.10.78
104,Jane,Castillo,jcastillo2v@wisc.edu,Indonesia,80.107.75.180
105,Jean,Bryant,jbryant2w@pinterest.com,Indonesia,137.72.185.197
106,Sara,Weaver,sweaver2x@howstuffworks.com,China,182.25.132.120
107,Victor,Riley,vriley2y@intel.com,Thailand,4.100.152.191
108,Timothy,Bradley,tbradley2z@virginia.edu,Syria,119.225.112.135
109,Catherine,Hawkins,chawkins30@squidoo.com,Portugal,171.239.27.135
110,Karen,Hawkins,khawkins31@ftc.gov,Portugal,33.56.66.255
111,Bonnie,King,bking32@cpanel.net,Slovenia,102.173.11.212
112,Raymond,Franklin,rfranklin33@prnewswire.com,Indonesia,119.126.111.128
113,Nancy,Wells,nwells34@ycombinator.com,Barbados,79.250.18.179
114,Bruce,Vasquez,bvasquez35@nba.com,Belarus,189.17.5.180
115,Kimberly,Kennedy,kkennedy36@mac.com,Peru,176.194.81.209
116,Donald,Harrison,dharrison37@home.pl,China,128.200.38.242
117,Marilyn,Carr,mcarr38@pinterest.com,Russia,4.218.44.115
118,Brenda,Graham,bgraham39@geocities.jp,Philippines,229.116.222.114
119,Kathy,Carroll,kcarroll3a@blogtalkradio.com,China,203.233.235.172
120,Carol,Hill,chill3b@aol.com,China,113.114.247.143
121,Ronald,Scott,rscott3c@gmpg.org,Indonesia,30.252.222.186
122,Jose,Foster,jfoster3d@wikia.com,France,63.83.227.143
123,Diana,Watson,dwatson3e@naver.com,Nigeria,103.198.63.55
124,Melissa,Carr,mcarr3f@biblegateway.com,North Korea,59.124.93.104
125,Denise,Lee,dlee3g@rambler.ru,China,202.201.183.132
126,Justin,Murphy,jmurphy3h@liveinternet.ru,Indonesia,142.26.16.209
127,Patricia,Schmidt,pschmidt3i@ted.com,Sweden,145.78.209.142
128,Harold,Price,hprice3j@nature.com,Indonesia,68.75.246.180
129,Beverly,Martinez,bmartinez3k@dropbox.com,Russia,60.87.206.228
130,Ryan,Morgan,rmorgan3l@marketwatch.com,Philippines,1.120.255.232
131,Donna,Kelly,dkelly3m@intel.com,Guatemala,164.24.46.142
132,Amy,Rogers,arogers3n@yale.edu,Sweden,94.111.74.116
133,Kevin,Sims,ksims3o@facebook.com,Vietnam,76.215.116.59
134,Louis,Boyd,lboyd3p@sphinn.com,Saudi Arabia,212.36.195.135
135,Betty,West,bwest3q@jigsy.com,China,57.178.4.84
136,Janice,Ortiz,jortiz3r@rediff.com,China,133.93.66.127
137,Andrew,Mason,amason3s@cafepress.com,Serbia,187.239.139.16
138,Ronald,Chavez,rchavez3t@hc360.com,China,227.99.101.33
139,Jessica,Walker,jwalker3u@wordpress.org,Liberia,36.95.253.110
140,Carol,Stewart,cstewart3v@youku.com,Russia,125.101.246.37
141,Matthew,Morris,mmorris3w@xing.com,Peru,23.213.40.253
142,Rachel,Adams,radams3x@mail.ru,Azerbaijan,92.27.158.111
143,Phyllis,Rogers,progers3y@army.mil,France,128.42.201.111
144,Jason,Perkins,jperkins3z@comcast.net,Indonesia,236.58.201.145
145,Stephen,Peters,speters40@arizona.edu,Slovenia,155.19.59.116
146,Irene,Carr,icarr41@hhs.gov,Guatemala,86.221.153.245
147,Susan,Hudson,shudson42@skype.com,Philippines,151.63.71.34
148,Ronald,Daniels,rdaniels43@unc.edu,China,206.39.72.223
149,Stephanie,Hart,shart44@ocn.ne.jp,Brazil,3.31.103.123
150,Jonathan,Lopez,jlopez45@privacy.gov.au,Vietnam,231.60.93.185
151,Jennifer,Stanley,jstanley46@cbslocal.com,Sweden,202.251.251.199
152,Christina,Gonzales,cgonzales47@discovery.com,Indonesia,151.253.210.64
153,Peter,Morales,pmorales48@ftc.gov,Philippines,5.218.104.140
154,Lisa,Stephens,lstephens49@wikispaces.com,Argentina,197.68.57.123
155,Kathy,Baker,kbaker4a@dagondesign.com,Mexico,18.208.57.130
156,Edward,Carr,ecarr4b@youku.com,Indonesia,129.238.244.222
157,Anna,Hernandez,ahernandez4c@github.com,Indonesia,138.248.95.94
158,Anna,Rogers,arogers4d@angelfire.com,Russia,66.152.135.204
159,Matthew,Olson,molson4e@google.com,France,114.137.112.208
160,Nicole,King,nking4f@mysql.com,Philippines,123.71.223.239
161,Russell,Hernandez,rhernandez4g@ucoz.ru,Sweden,31.222.172.203
162,Phyllis,Oliver,poliver4h@t.co,Cuba,237.86.45.166
163,Peter,Wells,pwells4i@washingtonpost.com,Nigeria,2.58.101.245
164,Victor,Henry,vhenry4j@techcrunch.com,Sweden,162.17.25.164
165,Paula,Robinson,probinson4k@parallels.com,Sweden,194.126.176.2
166,Cynthia,Torres,ctorres4l@usa.gov,Japan,71.199.109.20
167,Brenda,Jordan,bjordan4m@oakley.com,Indonesia,112.221.217.19
168,Donald,Owens,dowens4n@digg.com,United States,138.20.225.245
169,Kathleen,Gardner,kgardner4o@springer.com,Indonesia,145.167.38.22
170,Earl,Diaz,ediaz4p@163.com,Indonesia,90.122.69.136
171,Scott,Stevens,sstevens4q@sciencedirect.com,Thailand,154.73.218.106
172,Lillian,Ferguson,lferguson4r@clickbank.net,Venezuela,147.127.99.170
173,Joan,Sanchez,jsanchez4s@accuweather.com,Germany,183.68.219.29
174,Albert,Howell,ahowell4t@stanford.edu,Honduras,50.255.169.212
175,Howard,King,hking4u@bing.com,United States,233.25.107.143
176,Fred,Howard,fhoward4v@mtv.com,China,42.8.206.148
177,Anna,Price,aprice4w@flickr.com,France,139.88.178.176
178,Stephen,Cook,scook4x@webeden.co.uk,Tajikistan,169.94.163.255
179,Aaron,Watson,awatson4y@over-blog.com,Poland,127.153.9.104
180,Bobby,Jones,bjones4z@sciencedaily.com,France,137.17.11.176
181,Clarence,Banks,cbanks50@nifty.com,Indonesia,238.164.213.150
182,Julia,Holmes,jholmes51@paypal.com,China,171.150.182.204
183,Nicole,Rose,nrose52@mozilla.org,Venezuela,76.145.152.20
184,Kathryn,Wells,kwells53@cnbc.com,Philippines,1.65.214.187
185,Walter,Rodriguez,wrodriguez54@acquirethisname.com,Indonesia,75.161.20.102
186,Laura,Williams,lwilliams55@paypal.com,Thailand,217.240.151.206
187,Denise,Lee,dlee56@1688.com,France,21.68.46.58
188,Philip,Perkins,pperkins57@live.com,Indonesia,243.106.39.238
189,Alan,Carpenter,acarpenter58@newsvine.com,Norway,227.194.121.90
190,Irene,Fox,ifox59@accuweather.com,Lebanon,89.192.213.188
191,Michelle,Bradley,mbradley5a@naver.com,Luxembourg,188.253.110.23
192,Jane,Sims,jsims5b@ca.gov,Thailand,144.193.103.27
193,Christopher,Kelly,ckelly5c@vk.com,United States,222.52.213.79
194,Denise,Welch,dwelch5d@google.com.hk,Nigeria,154.171.118.30
195,Harry,Rice,hrice5e@archive.org,China,241.76.154.28
196,Jennifer,Morris,jmorris5f@wsj.com,Colombia,253.31.74.84
197,Shirley,Lawrence,slawrence5g@fda.gov,Philippines,118.133.161.62
198,Jean,Reed,jreed5h@jalbum.net,Norway,104.31.119.29
199,Ryan,Armstrong,rarmstrong5i@quantcast.com,Sudan,107.100.84.181
200,Angela,Johnston,ajohnston5j@blog.com,Brazil,98.133.10.86
201,Louise,Perez,lperez5k@amazon.de,Thailand,138.247.176.238
202,Joyce,Spencer,jspencer5l@berkeley.edu,Brazil,162.136.33.98
203,Susan,Jenkins,sjenkins5m@ask.com,Chile,17.120.234.86
204,Jesse,Wagner,jwagner5n@dion.ne.jp,China,126.65.21.54
205,Kathleen,Lewis,klewis5o@icio.us,Japan,116.234.101.225
206,George,West,gwest5p@rambler.ru,Japan,228.126.28.12
207,Cheryl,Brown,cbrown5q@techcrunch.com,Czech Republic,200.123.159.33
208,Anne,Henderson,ahenderson5r@wordpress.org,Russia,247.234.106.116
209,Christina,Howell,chowell5s@discovery.com,Slovenia,104.56.177.56
210,Diana,Brooks,dbrooks5t@netscape.com,China,157.56.154.72
211,Albert,Williamson,awilliamson5u@aol.com,Philippines,187.134.179.207
212,William,Wallace,wwallace5v@icio.us,Peru,207.111.153.127
213,Mildred,Alexander,malexander5w@time.com,Russia,159.148.232.130
214,Christine,Payne,cpayne5x@sourceforge.net,China,231.45.84.115
215,Raymond,Snyder,rsnyder5y@virginia.edu,Japan,89.33.26.73
216,Lisa,Hamilton,lhamilton5z@facebook.com,China,170.244.226.169
217,Kenneth,Boyd,kboyd60@domainmarket.com,Russia,230.219.116.165
218,Andrea,Harvey,aharvey61@t.co,China,97.184.133.129
219,Douglas,Hernandez,dhernandez62@sourceforge.net,Portugal,172.233.235.93
220,Irene,Long,ilong63@timesonline.co.uk,Indonesia,144.140.158.65
221,Ruby,Robertson,rrobertson64@aboutads.info,China,47.111.144.139
222,Jacqueline,Thomas,jthomas65@creativecommons.org,Latvia,231.214.160.59
223,Walter,Evans,wevans66@arizona.edu,China,57.189.221.233
224,Ruby,Bryant,rbryant67@jiathis.com,Indonesia,15.21.141.200
225,David,Porter,dporter68@tiny.cc,China,112.22.182.112
226,Gregory,Olson,golson69@google.cn,China,84.133.10.151
227,Judith,Carter,jcarter6a@ameblo.jp,Russia,95.224.192.80
228,Joan,Hunter,jhunter6b@virginia.edu,China,89.86.60.72
229,Sara,Long,slong6c@forbes.com,Malta,120.202.137.251
230,Jose,Brooks,jbrooks6d@sitemeter.com,Poland,207.187.105.204
231,Jimmy,Kelley,jkelley6e@nasa.gov,Armenia,206.254.34.93
232,Brian,Griffin,bgriffin6f@seesaa.net,China,201.230.191.97
233,Johnny,Wheeler,jwheeler6g@hhs.gov,Mexico,40.102.239.175
234,Martin,Morales,mmorales6h@chicagotribune.com,France,140.31.100.140
235,Julia,Mcdonald,jmcdonald6i@mail.ru,Kuwait,114.246.226.95
236,Juan,Howell,jhowell6j@mapy.cz,China,228.196.116.99
237,Irene,Alexander,ialexander6k@flickr.com,Russia,48.221.74.240
238,Carl,Rivera,crivera6l@comcast.net,Brazil,105.223.92.106
239,Lori,Fisher,lfisher6m@geocities.com,Russia,239.58.227.0
240,Christina,Ferguson,cferguson6n@tamu.edu,China,150.105.143.203
241,Stephen,Hawkins,shawkins6o@behance.net,Indonesia,55.78.72.99
242,Russell,Rose,rrose6p@sbwire.com,Brazil,213.117.112.156
243,Denise,Alexander,dalexander6q@blogs.com,Philippines,239.217.118.232
244,Ralph,Harvey,rharvey6r@oakley.com,France,22.132.163.116
245,Todd,Torres,ttorres6s@google.es,Ukraine,215.117.182.141
246,Catherine,Ryan,cryan6t@wikimedia.org,Germany,23.223.71.147
247,Irene,Carpenter,icarpenter6u@51.la,Czech Republic,112.45.187.218
248,Philip,Mcdonald,pmcdonald6v@bloglovin.com,Indonesia,91.82.41.207
249,Janice,Ray,jray6w@tuttocitta.it,China,111.234.202.181
250,Jonathan,Wood,jwood6x@friendfeed.com,Spain,165.60.128.179
251,Ashley,Fowler,afowler6y@simplemachines.org,Indonesia,202.211.108.184
252,Peter,Palmer,ppalmer6z@is.gd,France,164.238.73.91
253,Sean,West,swest70@dailymail.co.uk,Poland,232.41.22.61
254,Laura,Powell,lpowell71@cbslocal.com,Philippines,39.61.21.71
255,Edward,Stewart,estewart72@columbia.edu,China,130.13.238.179
256,Angela,Henry,ahenry73@pcworld.com,Ethiopia,133.187.23.83
257,Nicholas,Stone,nstone74@hao123.com,Ukraine,156.152.126.250
258,Martin,Pierce,mpierce75@wix.com,Russia,209.14.21.76
259,Teresa,Fowler,tfowler76@google.pl,Albania,102.95.108.170
260,Scott,Rodriguez,srodriguez77@cnet.com,Brazil,226.232.79.131
261,Mary,Smith,msmith78@cbslocal.com,Slovenia,126.139.57.181
262,Emily,Franklin,efranklin79@tuttocitta.it,Czech Republic,229.217.142.152
263,Ruth,Jordan,rjordan7a@marketwatch.com,Indonesia,159.187.168.142
264,Willie,Grant,wgrant7b@opera.com,Japan,82.202.41.105
265,Doris,Stephens,dstephens7c@acquirethisname.com,Norway,29.254.22.225
266,Jose,Banks,jbanks7d@mit.edu,Poland,45.102.134.204
267,Ruth,Wilson,rwilson7e@google.cn,Poland,159.127.94.89
268,Paula,Wilson,pwilson7f@mapy.cz,France,208.65.171.210
269,Brandon,Richards,brichards7g@nydailynews.com,Peru,100.236.73.52
270,Steven,Green,sgreen7h@cbslocal.com,France,51.166.146.5
271,John,Brown,jbrown7i@merriam-webster.com,Sweden,23.98.44.154
272,Gloria,Mills,gmills7j@state.gov,Yemen,138.138.185.111
273,Denise,Flores,dflores7k@accuweather.com,Croatia,122.87.196.233
274,Evelyn,Morrison,emorrison7l@timesonline.co.uk,Russia,40.186.92.158
275,Phyllis,Gilbert,pgilbert7m@telegraph.co.uk,Honduras,155.117.26.181
276,Raymond,Kennedy,rkennedy7n@army.mil,France,24.242.118.214
277,George,Lee,glee7o@ftc.gov,Germany,87.43.19.62
278,Bonnie,Harrison,bharrison7p@geocities.jp,Russia,74.223.18.174
279,Sean,Sims,ssims7q@businesswire.com,Czech Republic,186.28.98.67
280,Walter,Parker,wparker7r@wsj.com,Iran,160.251.154.175
281,Douglas,Griffin,dgriffin7s@dion.ne.jp,Ukraine,34.176.49.225
282,Ruth,Hill,rhill7t@mashable.com,Croatia,106.231.226.177
283,Frances,George,fgeorge7u@google.ru,"Bonaire, Saint Eustatius and Saba ",58.118.53.170
284,Martha,Sanchez,msanchez7v@ucoz.com,Colombia,17.22.220.222
285,Alan,Green,agreen7w@marriott.com,Colombia,197.118.82.18
286,Gary,Reed,greed7x@creativecommons.org,Israel,133.26.199.195
287,Jimmy,Frazier,jfrazier7y@icq.com,Russia,9.133.9.206
288,Patrick,Ellis,pellis7z@ameblo.jp,China,225.191.236.238
289,Janet,Jenkins,jjenkins80@opensource.org,China,21.227.48.172
290,Jerry,Evans,jevans81@angelfire.com,Armenia,71.101.211.88
291,Anthony,Richardson,arichardson82@google.co.uk,Russia,209.91.27.138
292,Steven,Stanley,sstanley83@nyu.edu,Brazil,125.231.206.151
293,Joyce,Burton,jburton84@nbcnews.com,Russia,225.136.190.85
294,Willie,Garrett,wgarrett85@github.io,Jordan,254.103.197.192
295,Elizabeth,Harrison,eharrison86@seesaa.net,Sweden,29.254.185.226
296,Jason,Evans,jevans87@digg.com,Greece,193.33.17.210
297,Amanda,Matthews,amatthews88@arizona.edu,Poland,133.43.183.1
298,Beverly,Phillips,bphillips89@wikimedia.org,Indonesia,4.239.48.210
299,Joshua,Chapman,jchapman8a@domainmarket.com,Philippines,235.123.109.226
300,Joan,Cooper,jcooper8b@ezinearticles.com,South Africa,113.51.225.207
301,Jean,Peters,jpeters8c@cbc.ca,Russia,74.82.42.76
302,Gregory,Sanchez,gsanchez8d@shareasale.com,Israel,77.87.150.75
303,Bobby,Lewis,blewis8e@ca.gov,Russia,120.27.214.78
304,Chris,Gardner,cgardner8f@joomla.org,Greece,183.34.111.29
305,Ann,Lynch,alynch8g@cbc.ca,Indonesia,36.146.230.90
306,Nancy,Green,ngreen8h@nifty.com,Costa Rica,23.0.86.158
307,Robin,Garrett,rgarrett8i@storify.com,China,226.180.61.14
308,Kelly,Fowler,kfowler8j@usnews.com,Russia,35.202.214.94
309,Louis,Knight,lknight8k@sina.com.cn,Pakistan,39.114.94.18
310,Jeremy,Duncan,jduncan8l@examiner.com,Vietnam,172.22.132.148
311,Lori,Chapman,lchapman8m@mit.edu,Indonesia,134.134.202.86
312,Ashley,Mcdonald,amcdonald8n@wikipedia.org,Indonesia,175.48.7.228
313,Jennifer,Burke,jburke8o@reddit.com,China,213.55.208.73
314,Donald,Pierce,dpierce8p@abc.net.au,Portugal,172.128.31.153
315,Stephanie,Robertson,srobertson8q@twitter.com,Chile,209.34.204.15
316,Gregory,Shaw,gshaw8r@theatlantic.com,China,140.169.189.213
317,Benjamin,Watkins,bwatkins8s@wunderground.com,Poland,227.76.95.120
318,Bonnie,Hall,bhall8t@cyberchimps.com,Indonesia,180.102.158.167
319,Ernest,Riley,eriley8u@hibu.com,Indonesia,89.18.108.141
320,Richard,Lewis,rlewis8v@alexa.com,China,97.192.183.48
321,Gerald,Stanley,gstanley8w@wufoo.com,Indonesia,231.56.31.69
322,Carolyn,Gomez,cgomez8x@bbb.org,China,4.197.226.216
323,Kathleen,Spencer,kspencer8y@goo.gl,Indonesia,150.142.86.10
324,Nicholas,Little,nlittle8z@merriam-webster.com,China,38.19.231.25
325,Samuel,Russell,srussell90@ifeng.com,Russia,201.244.144.119
326,Brandon,Sims,bsims91@princeton.edu,China,15.78.163.99
327,Katherine,Webb,kwebb92@techcrunch.com,Colombia,204.171.139.246
328,Joseph,Lawrence,jlawrence93@smh.com.au,Slovenia,147.124.56.235
329,Jacqueline,Arnold,jarnold94@mapquest.com,Indonesia,186.153.96.230
330,Pamela,Carter,pcarter95@360.cn,Indonesia,177.80.31.130
331,Patricia,Garrett,pgarrett96@newsvine.com,Indonesia,237.210.167.0
332,Denise,Dixon,ddixon97@parallels.com,Mexico,222.130.25.122
333,Katherine,Burton,kburton98@fc2.com,Philippines,245.22.21.13
334,Dennis,Hall,dhall99@1688.com,China,19.137.229.101
335,Ruby,Nguyen,rnguyen9a@cargocollective.com,Indonesia,184.215.231.90
336,Frank,Kelley,fkelley9b@mayoclinic.com,Brazil,152.211.190.3
337,Patricia,Sanchez,psanchez9c@tinypic.com,China,70.208.194.235
338,Emily,Franklin,efranklin9d@prlog.org,China,254.72.118.84
339,Chris,Reynolds,creynolds9e@vkontakte.ru,China,138.224.81.246
340,Margaret,Sims,msims9f@instagram.com,Thailand,194.180.39.199
341,Martha,Garza,mgarza9g@slashdot.org,Indonesia,142.77.18.102
342,Dennis,Vasquez,dvasquez9h@1und1.de,Poland,19.122.234.76
343,Rebecca,Andrews,randrews9i@ifeng.com,Indonesia,131.207.231.178
344,Shirley,Reed,sreed9j@ustream.tv,China,103.161.233.72
345,Samuel,Jacobs,sjacobs9k@google.com.hk,China,133.40.77.178
346,Julia,Burns,jburns9l@hubpages.com,China,59.243.251.47
347,Lori,Vasquez,lvasquez9m@exblog.jp,New Caledonia,106.214.109.192
348,Eugene,Andrews,eandrews9n@jimdo.com,Indonesia,169.213.124.251
349,Joe,Thomas,jthomas9o@earthlink.net,Philippines,210.52.40.34
350,Keith,Watkins,kwatkins9p@devhub.com,Indonesia,233.125.217.162
351,Joe,Boyd,jboyd9q@phpbb.com,Peru,230.56.98.110
352,Roy,Hudson,rhudson9r@msn.com,Saudi Arabia,220.99.165.48
353,Alan,Payne,apayne9s@army.mil,Indonesia,0.51.220.63
354,Susan,Sanders,ssanders9t@canalblog.com,Russia,227.65.8.43
355,David,Hayes,dhayes9u@discuz.net,China,180.163.225.182
356,Amanda,Fowler,afowler9v@va.gov,Mauritius,185.165.165.226
357,Joyce,Roberts,jroberts9w@miibeian.gov.cn,Peru,3.234.102.77
358,Christopher,Spencer,cspencer9x@plala.or.jp,Canada,125.71.129.234
359,Debra,Ferguson,dferguson9y@posterous.com,Philippines,62.77.225.31
360,Raymond,Flores,rflores9z@eepurl.com,Armenia,106.8.33.28
361,Judith,Bradley,jbradleya0@meetup.com,Brazil,190.95.117.62
362,Marilyn,Harrison,mharrisona1@ocn.ne.jp,United States,187.195.153.239
363,Diane,Grant,dgranta2@alibaba.com,Thailand,178.108.161.93
364,Steve,Howell,showella3@house.gov,China,120.112.63.10
365,James,Hansen,jhansena4@google.pl,China,19.88.24.127
366,Ruth,Lynch,rlyncha5@meetup.com,Ukraine,32.87.15.244
367,Fred,Butler,fbutlera6@squarespace.com,Russia,188.111.17.24
368,Christine,Duncan,cduncana7@furl.net,Poland,171.177.232.195
369,Cheryl,Watkins,cwatkinsa8@telegraph.co.uk,China,68.238.200.83
370,Sandra,Reed,sreeda9@unicef.org,Nigeria,7.68.61.12
371,Robert,Morris,rmorrisaa@etsy.com,China,158.154.101.18
372,Sharon,Bradley,sbradleyab@yelp.com,Sri Lanka,47.136.115.91
373,Paula,Ferguson,pfergusonac@indiatimes.com,China,19.166.145.239
374,Harold,Gardner,hgardnerad@google.it,China,191.5.56.97
375,Stephanie,Edwards,sedwardsae@1688.com,South Korea,143.224.200.95
376,Linda,Fields,lfieldsaf@bigcartel.com,Macedonia,33.51.0.160
377,Helen,Price,hpriceag@rakuten.co.jp,Indonesia,64.113.68.88
378,Jacqueline,Young,jyoungah@pen.io,Saudi Arabia,163.113.60.96
379,Melissa,Bishop,mbishopai@microsoft.com,Sweden,0.206.255.227
380,Brandon,Cooper,bcooperaj@statcounter.com,Peru,90.99.160.5
381,Jennifer,Castillo,jcastilloak@51.la,Syria,72.221.216.2
382,Willie,Banks,wbanksal@cyberchimps.com,Sweden,198.96.127.226
383,Marilyn,Bell,mbellam@gnu.org,China,77.227.85.58
384,Virginia,Reed,vreedan@illinois.edu,Indonesia,132.181.165.189
385,Catherine,Reed,creedao@baidu.com,Thailand,184.197.120.86
386,Ryan,Reid,rreidap@jiathis.com,Indonesia,138.160.196.7
387,Joyce,Ray,jrayaq@slate.com,Thailand,6.83.191.49
388,Chris,Cooper,ccooperar@vkontakte.ru,Portugal,44.97.21.190
389,Sarah,Wilson,swilsonas@ustream.tv,Philippines,16.142.29.208
390,Teresa,Berry,tberryat@boston.com,Russia,75.173.135.5
391,Susan,Lopez,slopezau@tuttocitta.it,China,220.171.50.68
392,Sarah,Simmons,ssimmonsav@multiply.com,Portugal,194.204.226.16
393,Angela,Powell,apowellaw@nbcnews.com,Indonesia,30.93.232.65
394,Denise,Morgan,dmorganax@google.nl,China,20.156.219.127
395,Mildred,Fuller,mfulleray@nba.com,Indonesia,139.172.43.65
396,Irene,Evans,ievansaz@surveymonkey.com,Angola,171.222.158.17
397,Sarah,Garcia,sgarciab0@hatena.ne.jp,China,158.41.248.197
398,Craig,Williamson,cwilliamsonb1@unc.edu,Poland,0.74.223.201
399,Louis,Smith,lsmithb2@godaddy.com,China,241.177.227.29
400,Stephen,Hughes,shughesb3@ucsd.edu,China,64.104.43.61
401,Douglas,Foster,dfosterb4@123-reg.co.uk,Czech Republic,24.177.49.233
402,Ernest,Arnold,earnoldb5@prweb.com,China,26.223.209.69
403,Helen,Martinez,hmartinezb6@cloudflare.com,Greece,213.68.198.57
404,Nicholas,Freeman,nfreemanb7@weebly.com,Brazil,16.67.200.16
405,Bobby,Warren,bwarrenb8@alibaba.com,Indonesia,81.211.18.206
406,Joe,Stephens,jstephensb9@nhs.uk,France,243.96.126.101
407,Robin,Medina,rmedinaba@github.com,Kazakhstan,247.78.25.59
408,Tina,Gibson,tgibsonbb@bizjournals.com,Botswana,88.45.36.78
409,Marilyn,Jacobs,mjacobsbc@sohu.com,France,164.152.100.177
410,Joshua,Austin,jaustinbd@drupal.org,Thailand,163.79.141.96
411,Louise,Schmidt,lschmidtbe@nature.com,Sweden,206.43.157.131
412,Teresa,Burton,tburtonbf@ask.com,Russia,43.45.199.214
413,John,Medina,jmedinabg@flickr.com,Honduras,64.82.207.1
414,Phyllis,Gomez,pgomezbh@example.com,France,154.84.205.213
415,Beverly,Richardson,brichardsonbi@elegantthemes.com,Portugal,31.68.79.89
416,John,Phillips,jphillipsbj@harvard.edu,Sweden,140.68.2.253
417,Aaron,Jacobs,ajacobsbk@opensource.org,Cameroon,216.8.155.36
418,Brian,Black,bblackbl@ocn.ne.jp,Ireland,38.53.48.84
419,Anna,Cruz,acruzbm@bbc.co.uk,China,115.167.155.63
420,Brenda,Chapman,bchapmanbn@pbs.org,China,102.26.210.45
421,Philip,Gonzalez,pgonzalezbo@plala.or.jp,Indonesia,249.173.63.243
422,Kelly,Gonzalez,kgonzalezbp@rakuten.co.jp,Portugal,250.143.64.20
423,Daniel,Woods,dwoodsbq@baidu.com,France,33.86.54.253
424,Timothy,Walker,twalkerbr@google.es,Philippines,242.199.96.146
425,Jane,Baker,jbakerbs@1688.com,China,24.3.98.9
426,Margaret,Hicks,mhicksbt@ca.gov,Guatemala,227.113.237.183
427,Johnny,Medina,jmedinabu@behance.net,Czech Republic,32.26.236.52
428,Linda,Long,llongbv@nytimes.com,Poland,132.209.13.242
429,Tina,Griffin,tgriffinbw@squarespace.com,China,207.86.114.20
430,Victor,Stephens,vstephensbx@cdbaby.com,Kyrgyzstan,78.2.124.149
431,Phillip,Harper,pharperby@privacy.gov.au,China,244.124.200.175
432,Carl,Simmons,csimmonsbz@comcast.net,United States,58.1.109.141
433,Michael,Torres,mtorresc0@vk.com,China,173.16.253.220
434,Harry,Watkins,hwatkinsc1@theatlantic.com,Poland,185.151.74.196
435,Rachel,Palmer,rpalmerc2@sourceforge.net,United States,92.103.71.171
436,Daniel,Carter,dcarterc3@wikia.com,Indonesia,209.94.21.199
437,Lori,Burns,lburnsc4@friendfeed.com,Canada,249.31.35.43
438,Sean,Williams,swilliamsc5@printfriendly.com,China,221.26.25.5
439,Gerald,White,gwhitec6@exblog.jp,China,99.112.93.60
440,Steven,Tucker,stuckerc7@cisco.com,France,212.195.92.168
441,Laura,Bradley,lbradleyc8@sitemeter.com,Albania,19.214.231.57
442,Gloria,Long,glongc9@prweb.com,Nigeria,57.234.217.240
443,Juan,Johnston,jjohnstonca@dailymail.co.uk,Philippines,11.33.182.117
444,Edward,Ellis,eelliscb@businessinsider.com,Egypt,227.181.244.205
445,Robert,Richards,rrichardscc@tamu.edu,China,105.57.241.199
446,Kathryn,Phillips,kphillipscd@nytimes.com,China,148.245.45.20
447,Matthew,Smith,msmithce@cnn.com,Finland,202.93.239.47
448,Jonathan,Smith,jsmithcf@slate.com,Indonesia,228.163.4.231
449,Lois,Owens,lowenscg@cafepress.com,Thailand,205.251.203.84
450,William,Fowler,wfowlerch@sphinn.com,Russia,144.97.121.83
451,Patricia,Carter,pcarterci@blogtalkradio.com,China,103.18.232.29
452,John,Snyder,jsnydercj@homestead.com,France,196.4.163.220
453,Shirley,Lee,sleeck@purevolume.com,Bosnia and Herzegovina,221.101.100.91
454,Theresa,Hunt,thuntcl@stanford.edu,China,45.159.165.134
455,Frances,Mitchell,fmitchellcm@mapy.cz,Brazil,115.226.10.43
456,Todd,Wilson,twilsoncn@blinklist.com,Russia,96.155.16.172
457,Jeremy,Gilbert,jgilbertco@mediafire.com,Ethiopia,226.187.243.28
458,Walter,Reid,wreidcp@si.edu,Philippines,174.108.129.230
459,Paul,Montgomery,pmontgomerycq@pbs.org,Peru,230.159.228.49
460,Richard,Kennedy,rkennedycr@acquirethisname.com,Japan,151.97.97.81
461,Sara,Wood,swoodcs@gnu.org,Poland,3.168.148.19
462,Gloria,Ray,grayct@plala.or.jp,United States,157.6.250.85
463,Marilyn,Turner,mturnercu@soundcloud.com,Ukraine,168.76.67.151
464,Pamela,Ferguson,pfergusoncv@wikipedia.org,China,41.32.121.177
465,Ann,Bailey,abaileycw@163.com,Canada,7.248.254.218
466,Billy,Phillips,bphillipscx@lulu.com,Albania,153.203.240.22
467,Alan,Bishop,abishopcy@chicagotribune.com,China,157.16.53.79
468,Jimmy,Morrison,jmorrisoncz@histats.com,Argentina,153.52.2.213
469,Joyce,Rose,jrosed0@ca.gov,Indonesia,81.118.208.68
470,Catherine,Perez,cperezd1@woothemes.com,Portugal,142.209.59.187
471,Beverly,Tucker,btuckerd2@ezinearticles.com,Argentina,77.152.176.51
472,John,Armstrong,jarmstrongd3@microsoft.com,Japan,186.187.173.255
473,Betty,Fowler,bfowlerd4@com.com,United States,14.49.67.78
474,Marilyn,Jackson,mjacksond5@pbs.org,Germany,173.82.170.125
475,Jeffrey,Hawkins,jhawkinsd6@salon.com,Nicaragua,243.233.200.188
476,Kathryn,Walker,kwalkerd7@privacy.gov.au,Saudi Arabia,136.75.121.222
477,Jean,Owens,jowensd8@bigcartel.com,Russia,19.11.255.2
478,Karen,Mendoza,kmendozad9@salon.com,Indonesia,113.251.231.28
479,Steven,Castillo,scastilloda@free.fr,Croatia,202.47.193.137
480,Kathryn,Alexander,kalexanderdb@cnn.com,China,142.165.28.91
481,Diane,Wallace,dwallacedc@oaic.gov.au,Russia,160.72.93.15
482,Kimberly,Hanson,khansondd@npr.org,Philippines,169.189.88.62
483,Marilyn,Gray,mgrayde@360.cn,Portugal,10.210.236.22
484,Diane,Lee,dleedf@blogtalkradio.com,China,2.27.221.255
485,Bonnie,Morris,bmorrisdg@cyberchimps.com,Dominican Republic,184.142.249.80
486,Christine,Murphy,cmurphydh@a8.net,Central African Republic,14.142.78.127
487,Louis,Bishop,lbishopdi@umn.edu,Indonesia,205.65.157.188
488,Maria,Jacobs,mjacobsdj@rediff.com,Ukraine,86.107.186.200
489,Frances,Kelley,fkelleydk@over-blog.com,Indonesia,11.243.28.208
490,Chris,Torres,ctorresdl@unc.edu,Ghana,241.44.76.230
491,Philip,Adams,padamsdm@t-online.de,China,84.210.94.17
492,Brandon,Rice,bricedn@bluehost.com,Russia,70.103.46.221
493,James,Lee,jleedo@amazonaws.com,France,124.225.72.181
494,Barbara,Cole,bcoledp@dagondesign.com,Indonesia,205.197.19.91
495,Teresa,Ramos,tramosdq@macromedia.com,Czech Republic,135.189.104.117
496,Thomas,Gardner,tgardnerdr@miitbeian.gov.cn,Indonesia,22.4.164.197
497,Gerald,Harris,gharrisds@auda.org.au,China,120.244.30.98
498,Robert,Lewis,rlewisdt@statcounter.com,Poland,56.122.181.164
499,Linda,Wagner,lwagnerdu@ucoz.ru,Namibia,56.49.180.163
500,Mark,Walker,mwalkerdv@phoca.cz,China,178.116.104.13
501,Melissa,George,mgeorgedw@guardian.co.uk,Finland,17.160.124.131
502,Walter,Hunter,whunterdx@dailymail.co.uk,China,24.34.75.221
503,George,Gardner,ggardnerdy@rediff.com,Philippines,126.173.196.220
504,Aaron,Crawford,acrawforddz@wunderground.com,Japan,128.209.19.178
505,William,Nelson,wnelsone0@scientificamerican.com,Greece,206.168.28.192
506,Chris,Scott,cscotte1@reverbnation.com,Tunisia,134.3.214.70
507,Stephen,Carter,scartere2@ebay.co.uk,Ghana,198.163.226.178
508,Emily,Fisher,efishere3@so-net.ne.jp,Portugal,27.111.27.164
509,Rose,Scott,rscotte4@twitter.com,France,162.131.54.39
510,Robert,Stone,rstonee5@homestead.com,Colombia,15.75.55.243
511,Russell,Green,rgreene6@virginia.edu,Philippines,150.249.35.167
512,Doris,Stanley,dstanleye7@about.com,China,227.3.215.196
513,Brian,Kelly,bkellye8@simplemachines.org,Malaysia,168.119.110.250
514,Ernest,Sanders,esanderse9@purevolume.com,Venezuela,216.166.183.36
515,Justin,Lawrence,jlawrenceea@google.de,China,158.28.60.210
516,Gerald,Jackson,gjacksoneb@mac.com,Brazil,77.59.4.61
517,Andrea,Lynch,alynchec@163.com,China,121.17.230.30
518,Eric,Cole,ecoleed@patch.com,Ukraine,199.165.112.86
519,Ronald,Richardson,rrichardsonee@globo.com,Albania,85.252.27.80
520,Jonathan,George,jgeorgeef@homestead.com,Indonesia,13.88.83.235
521,Henry,Roberts,hrobertseg@vinaora.com,Canada,205.162.144.52
522,Karen,Mason,kmasoneh@mapquest.com,China,238.193.188.228
523,Beverly,Black,bblackei@scientificamerican.com,Netherlands,232.160.130.111
524,Cynthia,Fields,cfieldsej@cnbc.com,Brazil,136.71.244.21
525,Linda,Brooks,lbrooksek@europa.eu,China,169.93.183.20
526,Joshua,Perry,jperryel@foxnews.com,Indonesia,191.251.141.119
527,Pamela,Jenkins,pjenkinsem@slate.com,Philippines,64.105.42.193
528,Jose,Bowman,jbowmanen@blinklist.com,Bulgaria,132.199.11.96
529,Bruce,Kennedy,bkennedyeo@psu.edu,Peru,142.22.247.251
530,Lori,Long,llongep@hubpages.com,Poland,117.3.104.135
531,Timothy,Stevens,tstevenseq@mac.com,Mongolia,32.135.249.216
532,Frances,Meyer,fmeyerer@mediafire.com,Poland,244.60.211.71
533,Antonio,Cooper,acooperes@digg.com,Indonesia,221.20.204.180
534,Brandon,Fisher,bfisheret@posterous.com,China,114.138.87.15
535,Jason,Clark,jclarkeu@yellowpages.com,Philippines,90.140.207.232
536,Carl,Hill,chillev@harvard.edu,Portugal,136.62.62.38
537,Diane,Lawson,dlawsonew@domainmarket.com,Indonesia,112.99.126.122
538,Paula,Porter,pporterex@vkontakte.ru,Indonesia,182.51.214.127
539,Douglas,Vasquez,dvasquezey@bing.com,China,155.221.188.79
540,Sandra,Ross,srossez@dion.ne.jp,Philippines,41.174.77.174
541,Brandon,Sanders,bsandersf0@shop-pro.jp,China,108.112.144.114
542,Shawn,Smith,ssmithf1@cdbaby.com,Australia,208.58.56.158
543,Daniel,Evans,devansf2@earthlink.net,Chad,146.4.212.98
544,Christina,Carter,ccarterf3@privacy.gov.au,United States,136.53.250.62
545,Joshua,Ford,jfordf4@histats.com,Russia,153.137.55.45
546,William,Howell,whowellf5@twitter.com,China,168.172.195.219
547,Arthur,Shaw,ashawf6@nasa.gov,Russia,65.64.127.163
548,Louis,Harper,lharperf7@mozilla.org,Indonesia,255.170.208.231
549,Joan,Berry,jberryf8@prlog.org,Philippines,185.77.225.222
550,Margaret,Johnson,mjohnsonf9@fema.gov,Philippines,151.252.26.10
551,Walter,Larson,wlarsonfa@bravesites.com,China,126.255.254.229
552,Teresa,Bailey,tbaileyfb@walmart.com,Serbia,74.187.93.43
553,Daniel,Woods,dwoodsfc@newsvine.com,Poland,182.156.69.75
554,Amanda,Dixon,adixonfd@redcross.org,Bulgaria,113.98.104.11
555,Joseph,Hunter,jhunterfe@bing.com,Poland,237.53.10.70
556,Melissa,Alexander,malexanderff@dailymail.co.uk,Chile,9.249.79.182
557,Clarence,Hernandez,chernandezfg@state.gov,Chad,149.235.5.27
558,Louise,Ferguson,lfergusonfh@ucoz.com,Indonesia,89.245.178.182
559,Helen,Lynch,hlynchfi@bandcamp.com,Cuba,98.76.169.65
560,Jennifer,Jones,jjonesfj@cnet.com,Botswana,71.164.208.224
561,Frances,Gonzalez,fgonzalezfk@slate.com,France,228.154.131.2
562,Terry,Elliott,telliottfl@usnews.com,Yemen,99.189.59.249
563,Jennifer,Garza,jgarzafm@ucoz.com,China,97.29.17.168
564,Christina,Clark,cclarkfn@w3.org,Sweden,151.165.31.157
565,Alan,Oliver,aoliverfo@networkadvertising.org,China,225.215.250.14
566,Linda,Ross,lrossfp@cornell.edu,Philippines,247.25.245.5
567,Kathy,Martin,kmartinfq@google.com,Burkina Faso,249.126.99.197
568,Matthew,Fowler,mfowlerfr@photobucket.com,Indonesia,155.230.194.186
569,Shirley,Hawkins,shawkinsfs@jiathis.com,Brazil,211.80.36.61
570,Lawrence,Little,llittleft@delicious.com,Czech Republic,73.238.97.214
571,Louis,Castillo,lcastillofu@unesco.org,Vietnam,94.10.21.231
572,Dorothy,Elliott,delliottfv@twitter.com,Saudi Arabia,231.77.50.244
573,Albert,Mendoza,amendozafw@prlog.org,Brazil,42.188.255.158
574,Paula,Fernandez,pfernandezfx@samsung.com,France,54.80.63.213
575,Carlos,Wells,cwellsfy@sfgate.com,Tunisia,220.147.206.235
576,Betty,Cruz,bcruzfz@ocn.ne.jp,Russia,30.172.13.14
577,Sharon,Larson,slarsong0@thetimes.co.uk,Ireland,156.73.252.54
578,Dorothy,Ortiz,dortizg1@mediafire.com,Poland,98.4.71.173
579,Patrick,Howell,phowellg2@wordpress.org,China,191.160.181.222
580,Ann,Porter,aporterg3@printfriendly.com,Japan,117.220.40.73
581,Cheryl,Torres,ctorresg4@scribd.com,Philippines,133.97.16.140
582,Diane,Harper,dharperg5@boston.com,China,100.91.145.181
583,Raymond,Burton,rburtong6@reuters.com,Norway,63.158.33.237
584,Ashley,Oliver,aoliverg7@disqus.com,Pakistan,196.180.236.252
585,Andrea,Hawkins,ahawkinsg8@japanpost.jp,Ukraine,163.203.183.250
586,Larry,Oliver,loliverg9@bbc.co.uk,China,221.144.116.125
587,Ronald,Price,rpricega@utexas.edu,Poland,174.190.203.75
588,Adam,Chapman,achapmangb@mac.com,Saudi Arabia,177.10.123.249
589,Roger,Dean,rdeangc@statcounter.com,United States,247.235.240.161
590,Pamela,Griffin,pgriffingd@networksolutions.com,Spain,78.33.27.144
591,Walter,Fisher,wfisherge@loc.gov,Canada,51.213.44.93
592,Linda,Ferguson,lfergusongf@nsw.gov.au,China,230.224.242.180
593,Diana,Sims,dsimsgg@youtube.com,United States,253.1.122.196
594,Kevin,Mccoy,kmccoygh@t-online.de,Russia,136.3.247.83
595,Harry,Mcdonald,hmcdonaldgi@imgur.com,Morocco,162.246.87.58
596,Judy,Evans,jevansgj@dailymail.co.uk,Bosnia and Herzegovina,183.55.224.175
597,Thomas,Reyes,treyesgk@stanford.edu,China,151.83.30.251
598,Diana,Sims,dsimsgl@aboutads.info,Democratic Republic of the Congo,88.147.161.216
599,Jason,Mason,jmasongm@dyndns.org,China,25.53.230.75
600,Gregory,Banks,gbanksgn@plala.or.jp,Nigeria,7.88.21.174
601,Jesse,Ward,jwardgo@amazonaws.com,Armenia,236.30.190.38
602,Julia,Richards,jrichardsgp@independent.co.uk,Bhutan,245.125.187.86
603,Emily,Garcia,egarciagq@gizmodo.com,Benin,217.215.116.191
604,Sara,Mendoza,smendozagr@paypal.com,Sweden,162.241.145.251
605,Alice,Mcdonald,amcdonaldgs@trellian.com,Sweden,5.40.244.13
606,Christina,Mills,cmillsgt@wikimedia.org,Argentina,99.147.191.63
607,Ashley,Fox,afoxgu@linkedin.com,Sweden,247.200.155.103
608,Janet,Ward,jwardgv@mozilla.com,Brazil,34.43.216.251
609,Jacqueline,Nguyen,jnguyengw@cnn.com,Brazil,22.52.133.111
610,Arthur,Lopez,alopezgx@hud.gov,United States,39.96.156.251
611,Melissa,Freeman,mfreemangy@hc360.com,China,234.30.206.154
612,Arthur,Clark,aclarkgz@ucsd.edu,China,24.234.224.10
613,Ruby,George,rgeorgeh0@amazon.co.uk,Colombia,2.26.4.153
614,Terry,Chapman,tchapmanh1@vistaprint.com,Mexico,182.168.201.79
615,Margaret,Stevens,mstevensh2@washington.edu,Armenia,67.217.209.165
616,Judith,Mills,jmillsh3@abc.net.au,Ukraine,123.12.134.22
617,Lori,Wood,lwoodh4@theglobeandmail.com,China,5.215.232.103
618,Laura,Fernandez,lfernandezh5@hugedomains.com,China,138.249.160.169
619,Jeremy,Wright,jwrighth6@pbs.org,Ukraine,15.78.95.118
620,Rose,Cruz,rcruzh7@cbslocal.com,Russia,156.199.68.10
621,Craig,Ward,cwardh8@geocities.jp,Indonesia,248.15.191.136
622,Larry,Peters,lpetersh9@jugem.jp,United States,216.89.248.67
623,Eugene,Lewis,elewisha@sciencedirect.com,Iraq,52.206.253.188
624,Gary,Crawford,gcrawfordhb@elpais.com,Russia,110.64.127.223
625,Marilyn,Gray,mgrayhc@biglobe.ne.jp,Indonesia,190.117.94.55
626,Eric,Henderson,ehendersonhd@homestead.com,Brazil,233.40.248.220
627,Philip,Morris,pmorrishe@amazon.de,Indonesia,73.94.61.203
628,Bobby,Larson,blarsonhf@bluehost.com,Poland,80.215.205.91
629,Ruby,Chavez,rchavezhg@indiegogo.com,Palestinian Territory,65.203.61.226
630,Jonathan,Stanley,jstanleyhh@xinhuanet.com,Cyprus,234.225.173.221
631,Irene,Evans,ievanshi@creativecommons.org,Colombia,174.51.135.23
632,Jose,Marshall,jmarshallhj@unc.edu,Argentina,222.164.206.176
633,Andrea,Turner,aturnerhk@facebook.com,China,38.217.16.155
634,Gloria,Gordon,ggordonhl@reverbnation.com,Indonesia,136.140.36.32
635,Rose,Brown,rbrownhm@linkedin.com,Ukraine,52.128.233.108
636,Tammy,Fowler,tfowlerhn@who.int,Philippines,191.43.35.206
637,Billy,Peterson,bpetersonho@smugmug.com,Suriname,98.109.102.68
638,Victor,Edwards,vedwardshp@gizmodo.com,Lithuania,51.177.191.221
639,Henry,Phillips,hphillipshq@hubpages.com,Afghanistan,44.175.117.147
640,Bonnie,Hernandez,bhernandezhr@ezinearticles.com,Chad,160.209.164.37
641,Marilyn,George,mgeorgehs@cam.ac.uk,Sweden,61.249.34.176
642,Diana,Ramos,dramosht@msn.com,Brazil,75.211.214.218
643,Sandra,Banks,sbankshu@house.gov,Serbia,158.125.166.227
644,Shawn,West,swesthv@macromedia.com,Thailand,60.22.118.113
645,Sharon,Hamilton,shamiltonhw@msn.com,Indonesia,172.54.123.119
646,Ryan,Chavez,rchavezhx@surveymonkey.com,Madagascar,19.28.170.34
647,Willie,Walker,wwalkerhy@amazonaws.com,Russia,139.184.15.181
648,Anne,Young,ayounghz@cafepress.com,Cuba,246.23.194.196
649,Wayne,Johnston,wjohnstoni0@naver.com,United States,218.110.214.200
650,Nicholas,Walker,nwalkeri1@feedburner.com,Japan,141.191.236.245
651,Joe,Holmes,jholmesi2@blogs.com,Indonesia,241.28.228.116
652,Lori,James,ljamesi3@soup.io,Yemen,18.52.238.212
653,Howard,Burke,hburkei4@dot.gov,Argentina,151.246.118.87
654,Shirley,Andrews,sandrewsi5@nba.com,China,143.7.65.47
655,Jennifer,Cook,jcooki6@canalblog.com,South Africa,210.188.90.178
656,Kathleen,Allen,kalleni7@trellian.com,Indonesia,9.98.195.5
657,Susan,Boyd,sboydi8@google.pl,Indonesia,185.89.21.213
658,Catherine,Elliott,celliotti9@gnu.org,China,182.203.207.222
659,Norma,Graham,ngrahamia@msu.edu,China,128.14.11.67
660,Tina,Stanley,tstanleyib@webs.com,China,120.48.156.203
661,Thomas,Fox,tfoxic@bizjournals.com,China,166.45.189.84
662,Anthony,Foster,afosterid@samsung.com,Turkmenistan,157.186.151.46
663,Ryan,Ellis,rellisie@microsoft.com,Ukraine,121.111.14.135
664,Margaret,Mcdonald,mmcdonaldif@army.mil,Russia,230.155.223.135
665,Jeffrey,Miller,jmillerig@issuu.com,Sweden,145.146.132.188
666,Beverly,Kim,bkimih@wsj.com,Indonesia,14.122.251.223
667,Aaron,Wright,awrightii@php.net,Bosnia and Herzegovina,111.93.130.19
668,Pamela,Cunningham,pcunninghamij@reference.com,Gambia,214.37.80.30
669,Diane,Flores,dfloresik@thetimes.co.uk,Brazil,182.120.204.82
670,Joe,Jordan,jjordanil@cyberchimps.com,Philippines,248.225.243.111
671,Laura,Martinez,lmartinezim@shutterfly.com,China,67.134.150.198
672,Joan,Johnston,jjohnstonin@marketwatch.com,Gambia,139.45.160.222
673,Joseph,Carter,jcarterio@epa.gov,Philippines,87.142.79.78
674,Joseph,Rodriguez,jrodriguezip@ezinearticles.com,China,251.38.190.24
675,Barbara,Gonzales,bgonzalesiq@ucla.edu,Jamaica,216.212.5.59
676,Evelyn,Howell,ehowellir@usatoday.com,Colombia,201.130.140.180
677,Anna,Peters,apetersis@deviantart.com,China,136.251.77.38
678,Philip,Kennedy,pkennedyit@ox.ac.uk,Kazakhstan,196.208.22.156
679,Joe,Banks,jbanksiu@weather.com,China,243.217.72.222
680,Ryan,Matthews,rmatthewsiv@furl.net,Spain,250.193.126.132
681,Edward,Harper,eharperiw@soup.io,Japan,47.118.7.176
682,Sean,Ortiz,sortizix@wsj.com,Guatemala,33.43.108.105
683,Heather,Hudson,hhudsoniy@skyrock.com,China,221.163.123.173
684,Martin,Hayes,mhayesiz@wp.com,Morocco,60.176.164.18
685,Jerry,Shaw,jshawj0@baidu.com,China,112.119.60.29
686,Justin,Warren,jwarrenj1@va.gov,France,113.66.251.171
687,Stephanie,Rose,srosej2@google.com.br,China,182.221.115.198
688,Heather,Black,hblackj3@wikispaces.com,Indonesia,49.125.106.25
689,Terry,Garcia,tgarciaj4@wired.com,Spain,233.85.107.139
690,Mark,Watson,mwatsonj5@nbcnews.com,Brazil,76.47.19.185
691,Carol,Flores,cfloresj6@booking.com,Philippines,98.231.29.1
692,Ruth,Rodriguez,rrodriguezj7@prweb.com,China,143.77.56.213
693,Lisa,Willis,lwillisj8@soundcloud.com,Philippines,116.175.118.58
694,Timothy,Reyes,treyesj9@zimbio.com,Liechtenstein,116.245.61.214
695,Sharon,Patterson,spattersonja@rediff.com,Belarus,109.12.255.31
696,Beverly,Fuller,bfullerjb@csmonitor.com,Philippines,180.99.27.136
697,Jeremy,Sims,jsimsjc@booking.com,Portugal,249.141.164.78
698,Ernest,Tucker,etuckerjd@harvard.edu,Indonesia,14.144.165.5
699,Kevin,Kennedy,kkennedyje@bbc.co.uk,Ukraine,22.169.244.113
700,Jesse,Washington,jwashingtonjf@dmoz.org,Ecuador,87.132.47.94
701,Dennis,Nelson,dnelsonjg@naver.com,Indonesia,97.93.252.148
702,Jessica,Hawkins,jhawkinsjh@wunderground.com,Albania,250.91.94.252
703,Sarah,Nguyen,snguyenji@smugmug.com,China,27.240.18.110
704,Willie,Harvey,wharveyjj@g.co,Philippines,57.2.25.6
705,Earl,Shaw,eshawjk@webnode.com,France,31.91.255.44
706,Mildred,Alexander,malexanderjl@cbc.ca,Indonesia,96.215.84.125
707,Diane,Brooks,dbrooksjm@themeforest.net,Indonesia,133.89.86.9
708,Andrew,Richardson,arichardsonjn@google.fr,Serbia,23.246.203.130
709,Julia,Mendoza,jmendozajo@mapy.cz,Poland,78.48.180.234
710,Christopher,Cruz,ccruzjp@paginegialle.it,China,43.23.18.174
711,Raymond,Lynch,rlynchjq@soundcloud.com,Mongolia,13.177.90.240
712,Steve,King,skingjr@ycombinator.com,Brazil,7.102.133.8
713,Ruby,Gutierrez,rgutierrezjs@parallels.com,China,86.173.100.246
714,Daniel,Washington,dwashingtonjt@blogger.com,Philippines,172.146.15.119
715,Joan,Duncan,jduncanju@upenn.edu,China,116.211.135.255
716,Angela,Price,apricejv@huffingtonpost.com,Philippines,166.46.235.43
717,Jeremy,Stevens,jstevensjw@foxnews.com,Thailand,183.86.173.57
718,Denise,Gomez,dgomezjx@theglobeandmail.com,United States,127.3.11.251
719,Gregory,Greene,ggreenejy@mtv.com,China,54.140.163.90
720,Pamela,Payne,ppaynejz@mayoclinic.com,Philippines,136.69.143.222
721,Charles,Stone,cstonek0@mayoclinic.com,Philippines,181.165.24.134
722,Wanda,Foster,wfosterk1@blog.com,Japan,109.209.196.170
723,Alice,Anderson,aandersonk2@weibo.com,China,94.114.248.54
724,Douglas,Mccoy,dmccoyk3@slashdot.org,Portugal,102.107.109.188
725,Jennifer,Castillo,jcastillok4@princeton.edu,China,200.29.221.15
726,Martha,Russell,mrussellk5@reuters.com,Brazil,165.235.86.207
727,Ann,Ellis,aellisk6@wikia.com,Indonesia,33.128.112.119
728,Diane,Perry,dperryk7@uol.com.br,Honduras,156.183.249.188
729,Howard,Sullivan,hsullivank8@omniture.com,China,223.195.148.46
730,Julia,Rivera,jriverak9@japanpost.jp,Philippines,253.7.229.244
731,Phillip,Moreno,pmorenoka@npr.org,Haiti,218.74.28.20
732,Irene,Harvey,iharveykb@businessweek.com,Indonesia,221.213.47.16
733,Martha,Gonzalez,mgonzalezkc@virginia.edu,Indonesia,238.53.119.153
734,Steven,Alvarez,salvarezkd@webeden.co.uk,Indonesia,148.208.99.172
735,Adam,Walker,awalkerke@reference.com,China,149.98.239.18
736,Ronald,Patterson,rpattersonkf@mysql.com,Philippines,0.15.162.19
737,Donald,Fowler,dfowlerkg@smugmug.com,China,73.38.168.204
738,Donna,Shaw,dshawkh@pcworld.com,Nepal,162.44.251.28
739,Helen,Larson,hlarsonki@answers.com,Cuba,15.113.49.134
740,Larry,Robinson,lrobinsonkj@army.mil,Cameroon,136.192.78.15
741,Alan,Kelley,akelleykk@google.com.br,China,97.76.156.98
742,Jack,Williamson,jwilliamsonkl@rambler.ru,Finland,187.51.161.46
743,Justin,Harper,jharperkm@123-reg.co.uk,China,73.88.151.166
744,Phillip,Martin,pmartinkn@arizona.edu,Poland,99.194.167.182
745,Jimmy,Russell,jrussellko@freewebs.com,China,145.238.216.42
746,Joan,Spencer,jspencerkp@fema.gov,China,87.221.140.41
747,Bonnie,Myers,bmyerskq@loc.gov,Hungary,250.37.75.223
748,Kenneth,Bennett,kbennettkr@time.com,Bolivia,62.249.128.170
749,Lori,Moreno,lmorenoks@java.com,South Korea,196.249.9.239
750,Brandon,Smith,bsmithkt@dagondesign.com,South Korea,249.125.175.95
751,Louise,Bailey,lbaileyku@amazon.co.jp,Czech Republic,247.185.120.114
752,Tammy,Olson,tolsonkv@marriott.com,Belarus,177.181.71.235
753,Joseph,Watson,jwatsonkw@livejournal.com,Colombia,28.194.44.144
754,Ruby,Romero,rromerokx@networksolutions.com,Poland,207.237.196.139
755,Ashley,Cox,acoxky@nifty.com,Argentina,71.226.92.31
756,Carolyn,Oliver,coliverkz@qq.com,Indonesia,12.90.116.33
757,Virginia,Armstrong,varmstrongl0@csmonitor.com,South Korea,50.8.210.198
758,Eugene,Gibson,egibsonl1@noaa.gov,China,195.104.50.43
759,Sean,Cox,scoxl2@oaic.gov.au,Tanzania,56.96.2.221
760,Lois,Willis,lwillisl3@reverbnation.com,Poland,217.145.216.60
761,Chris,Richards,crichardsl4@ask.com,Nepal,2.110.85.244
762,Evelyn,Garrett,egarrettl5@who.int,Japan,238.226.54.180
763,Kevin,Torres,ktorresl6@devhub.com,Czech Republic,219.243.230.86
764,John,Garrett,jgarrettl7@macromedia.com,China,240.59.95.97
765,Harold,Lopez,hlopezl8@wordpress.com,China,228.13.231.183
766,Donald,Morgan,dmorganl9@si.edu,Canada,238.80.146.98
767,Tina,Torres,ttorresla@netlog.com,Indonesia,27.239.252.206
768,Matthew,Kelley,mkelleylb@washington.edu,China,158.153.244.161
769,Robin,Hansen,rhansenlc@reuters.com,Mexico,135.129.56.49
770,Walter,Hudson,whudsonld@istockphoto.com,Macedonia,121.6.174.246
771,Sean,Gilbert,sgilbertle@hp.com,France,247.49.135.6
772,Joan,Washington,jwashingtonlf@wikia.com,Philippines,36.108.212.157
773,Donald,Johnson,djohnsonlg@reference.com,El Salvador,77.91.70.23
774,Frank,Stone,fstonelh@pbs.org,Barbados,71.188.167.74
775,Judy,Henry,jhenryli@reverbnation.com,Indonesia,227.4.239.112
776,Beverly,Oliver,boliverlj@macromedia.com,Russia,111.236.39.191
777,Nancy,Stevens,nstevenslk@photobucket.com,Nigeria,47.165.172.110
778,Cynthia,Myers,cmyersll@arstechnica.com,Argentina,30.227.92.212
779,Joshua,Cunningham,jcunninghamlm@whitehouse.gov,China,252.69.31.122
780,Maria,Roberts,mrobertsln@wunderground.com,Philippines,78.109.139.125
781,Sean,Palmer,spalmerlo@godaddy.com,Russia,45.174.165.12
782,Heather,Hunt,hhuntlp@lycos.com,China,47.146.94.75
783,Louise,Larson,llarsonlq@mail.ru,Portugal,134.7.147.234
784,Judy,Lopez,jlopezlr@i2i.jp,Poland,240.10.59.215
785,Paula,Palmer,ppalmerls@economist.com,Indonesia,80.102.158.57
786,Lillian,Roberts,lrobertslt@harvard.edu,Serbia,74.11.244.174
787,Christina,Hawkins,chawkinslu@vimeo.com,China,50.21.222.196
788,Kathryn,Welch,kwelchlv@statcounter.com,China,209.81.149.77
789,Frank,Morris,fmorrislw@epa.gov,Palestinian Territory,251.171.183.8
790,Jacqueline,Ramirez,jramirezlx@tinyurl.com,Brazil,58.100.118.236
791,Lillian,Andrews,landrewsly@springer.com,Portugal,63.178.13.215
792,Sharon,Ryan,sryanlz@lulu.com,Philippines,7.12.121.57
793,Daniel,Taylor,dtaylorm0@discuz.net,Poland,149.250.173.82
794,Daniel,Simmons,dsimmonsm1@typepad.com,Macao,76.70.231.237
795,Chris,Dunn,cdunnm2@reuters.com,Venezuela,35.42.189.9
796,Terry,Bryant,tbryantm3@state.gov,Indonesia,192.45.174.137
797,Kevin,King,kkingm4@ucla.edu,France,37.63.136.39
798,Brandon,Coleman,bcolemanm5@chicagotribune.com,Bulgaria,107.176.33.97
799,Catherine,Kennedy,ckennedym6@jalbum.net,Taiwan,243.82.211.227
800,Alan,George,ageorgem7@friendfeed.com,Colombia,218.151.248.192
801,Sara,Bryant,sbryantm8@apple.com,Poland,80.102.128.12
802,Ralph,Palmer,rpalmerm9@wikispaces.com,Japan,255.228.233.114
803,Joseph,Bennett,jbennettma@alexa.com,Philippines,106.29.116.205
804,Eugene,Ortiz,eortizmb@cbc.ca,Sweden,236.190.84.201
805,Daniel,Kim,dkimmc@yelp.com,Indonesia,113.230.254.172
806,Aaron,Foster,afostermd@booking.com,Brazil,215.67.232.97
807,Stephanie,Thomas,sthomasme@usda.gov,Poland,186.210.213.208
808,Roy,Wood,rwoodmf@aol.com,Serbia,88.251.184.197
809,Victor,Harrison,vharrisonmg@ted.com,United States,192.92.230.84
810,Anna,Gordon,agordonmh@apple.com,China,25.108.226.217
811,Dennis,Riley,drileymi@ebay.co.uk,China,243.143.198.1
812,Irene,Walker,iwalkermj@army.mil,Bulgaria,0.250.69.111
813,Irene,Dean,ideanmk@live.com,New Zealand,215.185.151.113
814,Ryan,Dixon,rdixonml@alibaba.com,United States,15.110.64.179
815,Steve,Bailey,sbaileymm@tumblr.com,Poland,243.201.46.158
816,Catherine,Williams,cwilliamsmn@patch.com,Georgia,186.121.124.200
817,Judy,Ward,jwardmo@purevolume.com,Guatemala,198.115.180.198
818,Heather,Griffin,hgriffinmp@google.com,Japan,59.236.213.147
819,Evelyn,Edwards,eedwardsmq@squarespace.com,Kenya,227.220.5.87
820,Anna,Brooks,abrooksmr@163.com,South Africa,248.8.149.128
821,Beverly,Lee,bleems@canalblog.com,Thailand,9.245.25.53
822,Matthew,Burke,mburkemt@deviantart.com,Thailand,54.25.84.8
823,Margaret,Campbell,mcampbellmu@com.com,Brazil,120.208.63.111
824,Tina,Hanson,thansonmv@virginia.edu,China,195.49.218.217
825,Paula,Davis,pdavismw@ask.com,Uganda,56.173.185.112
826,Ruth,Jenkins,rjenkinsmx@dmoz.org,Philippines,15.150.43.204
827,Teresa,Burton,tburtonmy@ehow.com,Brazil,5.94.118.52
828,Ashley,Gomez,agomezmz@weebly.com,China,72.235.138.136
829,Judith,Morgan,jmorgann0@timesonline.co.uk,Kyrgyzstan,86.127.41.16
830,Timothy,Baker,tbakern1@multiply.com,United Kingdom,23.45.49.130
831,Marie,Andrews,mandrewsn2@printfriendly.com,Ukraine,67.217.241.137
832,Frank,Simpson,fsimpsonn3@statcounter.com,China,20.221.91.109
833,Theresa,Harvey,tharveyn4@cargocollective.com,Afghanistan,167.145.82.251
834,Doris,Burton,dburtonn5@parallels.com,Uganda,205.45.12.67
835,Victor,Gutierrez,vgutierrezn6@joomla.org,Portugal,201.209.132.92
836,Rachel,Palmer,rpalmern7@cmu.edu,China,104.240.221.37
837,Gary,Henry,ghenryn8@ox.ac.uk,Iran,34.232.60.76
838,Shirley,Morrison,smorrisonn9@newsvine.com,Russia,235.214.91.116
839,Timothy,Harper,tharperna@hp.com,China,70.50.138.198
840,Judy,Simpson,jsimpsonnb@macromedia.com,Philippines,186.239.40.61
841,Nicole,Bryant,nbryantnc@elpais.com,China,7.61.116.0
842,Gregory,Nelson,gnelsonnd@studiopress.com,Mongolia,106.91.182.148
843,Jeremy,George,jgeorgene@alexa.com,Egypt,215.216.39.83
844,Judy,Allen,jallennf@multiply.com,China,185.208.29.43
845,Maria,Smith,msmithng@nytimes.com,France,171.77.213.197
846,Harry,Price,hpricenh@wikia.com,Russia,235.163.46.11
847,Harry,Mitchell,hmitchellni@netvibes.com,Vietnam,54.53.37.205
848,Michelle,Morrison,mmorrisonnj@devhub.com,Portugal,209.78.101.9
849,Patricia,Mills,pmillsnk@barnesandnoble.com,Japan,121.39.222.148
850,James,Boyd,jboydnl@simplemachines.org,Chile,210.107.40.78
851,Daniel,Chavez,dchaveznm@discuz.net,Indonesia,65.250.11.12
852,Willie,Ward,wwardnn@illinois.edu,China,153.82.192.223
853,Andrew,Robertson,arobertsonno@clickbank.net,South Korea,48.153.129.230
854,Gregory,Gutierrez,ggutierreznp@zdnet.com,Kenya,133.97.73.104
855,Diane,Stanley,dstanleynq@techcrunch.com,Serbia,177.236.112.87
856,Lawrence,Phillips,lphillipsnr@apache.org,Indonesia,235.103.75.232
857,Jeremy,Lawrence,jlawrencens@github.io,Thailand,203.55.48.180
858,Kenneth,Boyd,kboydnt@businessweek.com,Serbia,236.215.197.91
859,Jessica,Long,jlongnu@ca.gov,China,89.207.79.230
860,Andrew,Montgomery,amontgomerynv@yellowbook.com,Greece,49.251.203.242
861,Deborah,Reynolds,dreynoldsnw@hatena.ne.jp,Russia,166.223.112.13
862,Lori,Fox,lfoxnx@nasa.gov,Philippines,232.62.172.35
863,Larry,Davis,ldavisny@bloomberg.com,Philippines,42.118.34.88
864,Joe,Perkins,jperkinsnz@nationalgeographic.com,Philippines,169.89.228.40
865,Sarah,Gardner,sgardnero0@illinois.edu,Philippines,34.121.16.81
866,Diana,Campbell,dcampbello1@sogou.com,Japan,216.159.79.97
867,Kathryn,Reyes,kreyeso2@123-reg.co.uk,China,23.10.107.217
868,Janice,Cole,jcoleo3@indiatimes.com,Turkmenistan,105.164.134.81
869,Shirley,Frazier,sfraziero4@smh.com.au,United States,220.51.86.20
870,Bruce,Ramos,bramoso5@tumblr.com,Croatia,26.36.147.65
871,Jimmy,Clark,jclarko6@51.la,China,163.62.29.168
872,Todd,Jones,tjoneso7@zimbio.com,Brazil,166.14.48.80
873,Barbara,Cruz,bcruzo8@skyrock.com,China,152.215.10.54
874,Howard,Lynch,hlyncho9@myspace.com,Philippines,163.174.46.163
875,Tammy,Meyer,tmeyeroa@wordpress.com,China,126.119.199.123
876,Billy,Richards,brichardsob@1und1.de,Zambia,112.225.8.72
877,Linda,Tucker,ltuckeroc@unesco.org,Portugal,222.249.215.103
878,Joyce,Daniels,jdanielsod@cornell.edu,Indonesia,25.158.233.132
879,Ruth,Nelson,rnelsonoe@icio.us,Poland,139.165.142.110
880,Jerry,Greene,jgreeneof@examiner.com,Russia,5.15.141.77
881,Ryan,Montgomery,rmontgomeryog@adobe.com,Portugal,218.23.94.141
882,Brenda,Reid,breidoh@admin.ch,South Africa,90.37.42.244
883,Carol,Rivera,criveraoi@adobe.com,Indonesia,89.181.56.109
884,Earl,Baker,ebakeroj@fda.gov,China,66.65.96.31
885,Nicole,Gonzales,ngonzalesok@amazon.co.uk,Bosnia and Herzegovina,132.195.107.30
886,Frank,Rogers,frogersol@craigslist.org,Palestinian Territory,185.222.128.231
887,Rachel,Moore,rmooreom@cdc.gov,Philippines,27.221.21.222
888,Ronald,Sanders,rsanderson@list-manage.com,Indonesia,165.39.225.167
889,Rebecca,Anderson,randersonoo@hp.com,Serbia,118.248.249.220
890,Ashley,Miller,amillerop@oaic.gov.au,Indonesia,189.187.78.0
891,Janet,Green,jgreenoq@fc2.com,China,60.180.153.183
892,George,Garrett,ggarrettor@fda.gov,Poland,115.156.172.92
893,Sara,Coleman,scolemanos@feedburner.com,Indonesia,211.217.48.248
894,Diana,Gordon,dgordonot@amazon.co.jp,Venezuela,25.176.133.14
895,Nancy,Ellis,nellisou@yahoo.com,Japan,130.52.9.234
896,Susan,Brown,sbrownov@homestead.com,Iran,142.44.9.215
897,Richard,Griffin,rgriffinow@google.cn,Indonesia,201.93.101.165
898,Kathryn,Warren,kwarrenox@ycombinator.com,Indonesia,28.203.1.101
899,Rebecca,Reid,rreidoy@constantcontact.com,Russia,30.84.126.116
900,Teresa,Hunter,thunteroz@reference.com,Mexico,36.79.190.104
901,Billy,Wheeler,bwheelerp0@irs.gov,China,194.101.30.224
902,Brenda,Sanchez,bsanchezp1@chronoengine.com,France,70.242.55.67
903,Mildred,Campbell,mcampbellp2@utexas.edu,Russia,188.115.36.208
904,Robin,Bailey,rbaileyp3@economist.com,China,119.75.67.96
905,Brenda,Kelley,bkelleyp4@php.net,France,184.140.24.75
906,Chris,Montgomery,cmontgomeryp5@chicagotribune.com,China,146.68.218.232
907,Steven,Johnson,sjohnsonp6@timesonline.co.uk,Colombia,244.180.131.194
908,Diane,Bell,dbellp7@google.co.uk,France,132.46.129.133
909,Katherine,Hill,khillp8@kickstarter.com,Indonesia,11.199.121.194
910,Ashley,Morales,amoralesp9@e-recht24.de,Ukraine,89.65.74.36
911,Judy,Hart,jhartpa@bloglines.com,Philippines,24.224.142.75
912,Rose,Larson,rlarsonpb@uiuc.edu,China,56.225.91.96
913,Matthew,Matthews,mmatthewspc@shutterfly.com,Portugal,158.47.146.175
914,Russell,Carpenter,rcarpenterpd@cloudflare.com,Mexico,92.131.93.20
915,James,Johnson,jjohnsonpe@feedburner.com,Indonesia,20.75.229.31
916,Matthew,Burns,mburnspf@oaic.gov.au,Russia,44.2.157.175
917,Elizabeth,Long,elongpg@indiegogo.com,Burkina Faso,66.191.238.15
918,Gary,Simmons,gsimmonsph@usda.gov,Syria,222.4.96.32
919,Bruce,Bennett,bbennettpi@newsvine.com,Guatemala,219.13.96.5
920,Ashley,Garcia,agarciapj@jigsy.com,Indonesia,218.114.90.179
921,Doris,Coleman,dcolemanpk@yahoo.co.jp,China,199.201.20.113
922,Donald,Barnes,dbarnespl@eventbrite.com,Germany,47.239.204.244
923,Judith,Sullivan,jsullivanpm@psu.edu,Poland,174.213.122.246
924,Clarence,Rose,crosepn@dedecms.com,Philippines,162.249.32.180
925,Gary,Bell,gbellpo@mit.edu,China,203.62.44.158
926,Norma,Lawson,nlawsonpp@rediff.com,Peru,101.182.152.129
927,Brenda,Boyd,bboydpq@kickstarter.com,Brazil,28.36.234.157
928,Gerald,Castillo,gcastillopr@sbwire.com,Mozambique,215.70.29.122
929,Martin,Murphy,mmurphyps@ftc.gov,Russia,102.72.46.255
930,Kathleen,Mitchell,kmitchellpt@wordpress.org,Laos,120.1.242.190
931,Deborah,Mason,dmasonpu@home.pl,Albania,177.28.12.188
932,Larry,Crawford,lcrawfordpv@ocn.ne.jp,China,197.254.73.214
933,Ernest,Wright,ewrightpw@desdev.cn,China,93.218.140.67
934,Lori,Martin,lmartinpx@thetimes.co.uk,China,5.84.228.147
935,Walter,Sims,wsimspy@ebay.co.uk,China,8.124.94.47
936,Terry,Brown,tbrownpz@webeden.co.uk,Philippines,191.132.32.253
937,Christine,Ferguson,cfergusonq0@columbia.edu,North Korea,17.152.133.168
938,Joe,Shaw,jshawq1@mac.com,China,199.183.254.50
939,Joshua,Cook,jcookq2@dropbox.com,Mexico,202.129.189.87
940,Carlos,Hernandez,chernandezq3@lycos.com,Brazil,185.55.137.243
941,Alice,Robinson,arobinsonq4@unicef.org,Japan,201.226.241.243
942,John,Adams,jadamsq5@godaddy.com,Poland,81.152.58.177
943,Evelyn,Taylor,etaylorq6@tmall.com,Ghana,95.101.111.244
944,Michelle,Rivera,mriveraq7@jugem.jp,China,169.119.151.8
945,Harold,Kelley,hkelleyq8@typepad.com,Czech Republic,166.2.79.44
946,Christina,Taylor,ctaylorq9@squidoo.com,Indonesia,2.187.191.172
947,Timothy,Ford,tfordqa@elegantthemes.com,Bulgaria,14.7.122.231
948,Benjamin,Castillo,bcastilloqb@bandcamp.com,Denmark,69.217.134.144
949,Kelly,Coleman,kcolemanqc@army.mil,Ireland,216.157.152.79
950,Christopher,Jenkins,cjenkinsqd@hibu.com,Indonesia,183.103.158.142
951,Phillip,Bell,pbellqe@webmd.com,Russia,175.210.234.21
952,Martin,Adams,madamsqf@techcrunch.com,Canada,117.4.204.165
953,Douglas,Hanson,dhansonqg@yolasite.com,Portugal,179.28.35.58
954,Victor,Warren,vwarrenqh@adobe.com,Brazil,130.187.80.11
955,Adam,Armstrong,aarmstrongqi@skype.com,Egypt,245.123.241.58
956,Andrea,Bryant,abryantqj@taobao.com,China,119.230.87.202
957,Brenda,Carr,bcarrqk@i2i.jp,Ireland,96.55.61.242
958,Gloria,Wagner,gwagnerql@mediafire.com,China,147.192.25.142
959,Thomas,Peters,tpetersqm@phpbb.com,Poland,47.162.97.77
960,Martin,Greene,mgreeneqn@hp.com,Serbia,166.20.124.162
961,Jane,Bishop,jbishopqo@blinklist.com,Tajikistan,39.96.157.161
962,Barbara,Spencer,bspencerqp@dmoz.org,Albania,117.208.14.163
963,Denise,Webb,dwebbqq@sitemeter.com,Pakistan,61.69.54.39
964,Howard,Cruz,hcruzqr@uiuc.edu,Pakistan,83.77.179.244
965,Randy,Clark,rclarkqs@ycombinator.com,Indonesia,223.21.194.223
966,Kenneth,Little,klittleqt@lulu.com,Philippines,95.173.216.98
967,Victor,Hughes,vhughesqu@behance.net,Cuba,190.132.209.37
968,Sharon,Coleman,scolemanqv@oaic.gov.au,Morocco,54.179.104.122
969,John,Hicks,jhicksqw@yahoo.co.jp,Belarus,33.183.174.77
970,Louise,Richards,lrichardsqx@wufoo.com,China,215.99.124.95
971,Cynthia,Mendoza,cmendozaqy@netscape.com,Malaysia,216.169.211.36
972,Henry,Morgan,hmorganqz@nytimes.com,United States,137.49.39.15
973,Angela,Castillo,acastillor0@liveinternet.ru,China,83.117.236.181
974,Tina,Butler,tbutlerr1@hao123.com,Reunion,5.31.202.34
975,Jacqueline,Williams,jwilliamsr2@bloglovin.com,China,2.233.197.130
976,Ruth,Medina,rmedinar3@cloudflare.com,Indonesia,250.116.133.141
977,Jose,Richardson,jrichardsonr4@newsvine.com,France,58.226.246.155
978,Willie,Perry,wperryr5@networksolutions.com,Morocco,156.208.183.149
979,Shawn,Young,syoungr6@examiner.com,Uganda,159.166.104.157
980,Teresa,Larson,tlarsonr7@businessweek.com,Indonesia,212.76.126.99
981,Anna,Williams,awilliamsr8@bigcartel.com,Indonesia,178.50.185.85
982,Keith,Henderson,khendersonr9@unblog.fr,Philippines,41.70.121.226
983,Patricia,Jacobs,pjacobsra@go.com,Palestinian Territory,164.117.45.162
984,Sandra,Mcdonald,smcdonaldrb@oakley.com,Indonesia,186.89.254.19
985,Jason,Stanley,jstanleyrc@prweb.com,Indonesia,37.220.66.210
986,Harry,Medina,hmedinard@sun.com,Indonesia,100.221.67.201
987,Andrea,George,ageorgere@fda.gov,Indonesia,89.46.25.43
988,Paul,Fields,pfieldsrf@51.la,Sweden,171.235.31.217
989,Sarah,Harvey,sharveyrg@google.co.jp,Argentina,225.135.174.158
990,Robert,Carpenter,rcarpenterrh@businesswire.com,Nigeria,139.252.126.60
991,Bonnie,Bailey,bbaileyri@canalblog.com,Uruguay,145.86.154.55
992,Donald,Elliott,delliottrj@scientificamerican.com,China,209.46.0.72
993,Alan,Mitchell,amitchellrk@cornell.edu,Ukraine,11.95.13.14
994,Anna,Simpson,asimpsonrl@columbia.edu,Iran,58.130.120.73
995,Angela,Gibson,agibsonrm@creativecommons.org,China,231.52.227.46
996,Paula,White,pwhitern@barnesandnoble.com,Colombia,51.111.170.85
997,Martin,Coleman,mcolemanro@last.fm,Indonesia,176.148.0.190
998,Beverly,Martinez,bmartinezrp@gnu.org,Brazil,82.191.21.128
999,Walter,Rose,wroserq@1und1.de,Moldova,83.60.34.34
1000,Kathy,Hernandez,khernandezrr@businesswire.com,Czech Republic,167.129.33.1
1001, Branden, Sandahl, branen157@gmail.com, Merica, 185.493.295.395
1002, Zach, Oakes, sekao@sekao.sekao, Merica, 192.168.0.1
